热搜标题,热度,时间戳
中美对话和合作是唯一正确的选择,7904525,2025-06-06 15:05:00
被咬伤身亡女子家属：确认为毒蛇咬伤,7808861,2025-06-06 15:05:00
潘粤明怼国足：在家自己踢着玩儿吧,7712144,2025-06-06 15:05:00
为民营经济营造更好发展环境,7617030,2025-06-06 15:05:00
特朗普：欢迎中国留学生来美学习,7520207,2025-06-06 15:05:00
张韶涵成每年高考最忙的人,7429239,2025-06-06 15:05:00
员工发烧37.9度请假遭HR辱骂,7328107,2025-06-06 15:05:00
活鸭20元一斤 烤鸭为何20多元一只,7232140,2025-06-06 15:05:00
公安机关悬赏通缉20名台湾黑客,7139920,2025-06-06 15:05:00
缓解考前焦虑 试试这几招,7048940,2025-06-06 15:05:00
中美对话和合作是唯一正确的选择,7903962,2025-06-06 15:39:16
活鸭20元一斤 烤鸭为何20多元一只,7809003,2025-06-06 15:39:16
潘粤明怼国足：在家自己踢着玩儿吧,7712514,2025-06-06 15:39:16
为民营经济营造更好发展环境,7617962,2025-06-06 15:39:16
特朗普：欢迎中国留学生来美学习,7520643,2025-06-06 15:39:16
张韶涵成每年高考最忙的人,7427311,2025-06-06 15:39:16
员工发烧37.9度请假遭HR辱骂,7329861,2025-06-06 15:39:16
徐若瑄抗癌成功：每半年追踪一次,7233990,2025-06-06 15:39:16
公安机关悬赏通缉20名台湾黑客,7137409,2025-06-06 15:39:16
缓解考前焦虑 试试这几招,7042036,2025-06-06 15:39:16
中美对话和合作是唯一正确的选择,7904363,2025-06-06 15:43:20
活鸭20元一斤 烤鸭为何20多元一只,7808784,2025-06-06 15:43:20
潘粤明怼国足：在家自己踢着玩儿吧,7713374,2025-06-06 15:43:20
为民营经济营造更好发展环境,7617671,2025-06-06 15:43:20
特朗普：欢迎中国留学生来美学习,7521958,2025-06-06 15:43:20
张韶涵成每年高考最忙的人,7423863,2025-06-06 15:43:20
员工发烧37.9度请假遭HR辱骂,7327462,2025-06-06 15:43:20
徐若瑄抗癌成功：每半年追踪一次,7234425,2025-06-06 15:43:20
公安机关悬赏通缉20名台湾黑客,7139874,2025-06-06 15:43:20
缓解考前焦虑 试试这几招,7042035,2025-06-06 15:43:20
中美对话和合作是唯一正确的选择,7904444,2025-06-06 15:46:39
活鸭20元一斤 烤鸭为何20多元一只,7808450,2025-06-06 15:46:39
潘粤明怼国足：在家自己踢着玩儿吧,7713287,2025-06-06 15:46:39
为民营经济营造更好发展环境,7616700,2025-06-06 15:46:39
特朗普：欢迎中国留学生来美学习,7522980,2025-06-06 15:46:39
张韶涵成每年高考最忙的人,7425634,2025-06-06 15:46:39
员工发烧37.9度请假遭HR辱骂,7332300,2025-06-06 15:46:39
徐若瑄抗癌成功：每半年追踪一次,7233096,2025-06-06 15:46:39
公安机关悬赏通缉20名台湾黑客,7140107,2025-06-06 15:46:39
缓解考前焦虑 试试这几招,7048558,2025-06-06 15:46:39
中美对话和合作是唯一正确的选择,7904121,2025-06-06 15:57:47
活鸭20元一斤 烤鸭为何20多元一只,7808112,2025-06-06 15:57:47
潘粤明怼国足：在家自己踢着玩儿吧,7712606,2025-06-06 15:57:47
为民营经济营造更好发展环境,7617199,2025-06-06 15:57:47
特朗普：欢迎中国留学生来美学习,7521803,2025-06-06 15:57:47
张韶涵成每年高考最忙的人,7424242,2025-06-06 15:57:47
员工发烧37.9度请假遭HR辱骂,7330315,2025-06-06 15:57:47
徐若瑄抗癌成功：每半年追踪一次,7236724,2025-06-06 15:57:47
公安机关悬赏通缉20名台湾黑客,7138913,2025-06-06 15:57:47
缓解考前焦虑 试试这几招,7042271,2025-06-06 15:57:47
高考学子请收下总书记的青春寄语,7904128,2025-06-07 19:36:11
#高考数学#,7809701,2025-06-07 19:36:11
男生第一个走出考场：数学题目太难了,7712231,2025-06-07 19:36:11
科技小院如何助农惠农,7616928,2025-06-07 19:36:11
2025高考作文题,7522149,2025-06-07 19:36:11
高考数学全国卷难不难？权威解析,7428215,2025-06-07 19:36:11
网警护航 祝愿高考学子旗开得胜,7329566,2025-06-07 19:36:11
被全国一卷数学大题做局了,7234097,2025-06-07 19:36:11
张桂梅向民警求助,7142310,2025-06-07 19:36:11
“韦神”的牙不是小事,7047847,2025-06-07 19:36:11
在奋斗中释放青春激情,7904306,2025-06-09 11:23:01
特朗普上飞机时差点跌倒,7808280,2025-06-09 11:23:01
央视曝光不防晒的防晒衣,7712267,2025-06-09 11:23:01
外资企业持续投资中国,7617977,2025-06-09 11:23:01
游客被打副所长拉偏架被免职不冤,7524123,2025-06-09 11:23:01
女演员那尔那茜被曝“高考移民”,7426800,2025-06-09 11:23:01
特朗普命令强力“解放洛杉矶”,7327992,2025-06-09 11:23:01
火车过山西隧道吸入煤灰 乘客变煤蛋,7232102,2025-06-09 11:23:01
考生：不想再帮李华写信了,7138533,2025-06-09 11:23:01
特朗普团队被曝考虑报复马斯克,7045913,2025-06-09 11:23:01
